Workbook

Sheet Master_Items
A1: Item ID | B1: Category | C1: Sub-Category | D1: Item Name | E1: Brand | F1: Size | G1: Unit | H1: Par Level | I1: Reorder Qty | J1: Active | K1: Pour Size (oz) | L1: Notes
A2: I-0001 | B2: Liquor | C2: Whiskey | D2: Jameson Irish | E2: Jameson | F2: 1L | G2: Bottle | H2: 8 | I2: 4 | J2: =IF(ISNUMBER(MATCH(B2,Inventory_Tracking!$B$2:$B$1000,0)),"No","Yes") | K2: 2
A3: I-0002 | B3: Liquor | C3: Whiskey | D3: Four Walls | E3: Four | F3: 750 | G3: Bottle | H3: 8 | I3: 4 | J3: =IF(ISNUMBER(MATCH(B3,Inventory_Tracking!$B$2:$B$1000,0)),"No","Yes") | K3: 2
A4: I-0003 | B4: Liquor | C4: Whiskey | D4: Crown Royal Apple | E4: Crown Royal | F4: 750ml | G4: Bottle | H4: 6 | I4: 3 | J4: =IF(ISNUMBER(MATCH(B4,Inventory_Tracking!$B$2:$B$1000,0)),"No","Yes") | K4: 2
A5: I-0004 | B5: Liquor | C5: Whiskey | D5: Crown Royal Peach | E5: Crown Royal | F5: 750ml | G5: Bottle | H5: 6 | I5: 3 | J5: =IF(ISNUMBER(MATCH(B5,Inventory_Tracking!$B$2:$B$1000,0)),"No","Yes") | K5: 2
A6: I-0005 | B6: Liquor | C6: Whiskey | D6: Crown Royal Vanilla | E6: Crown Royal | F6: 750ml | G6: Bottle | H6: 4 | I6: 2 | J6: =IF(ISNUMBER(MATCH(B6,Inventory_Tracking!$B$2:$B$1000,0)),"No","Yes") | K6: 2
A7: I-0006 | B7: Liquor | C7: Whiskey | D7: Crown Royal Canadian Whisky | E7: Crown Royal | F7: 750ml | G7: Bottle | H7: 6 | I7: 3 | J7: =IF(ISNUMBER(MATCH(B7,Inventory_Tracking!$B$2:$B$1000,0)),"No","Yes") | K7: 2
A8: I-0007 | B8: Liquor | C8: Whiskey | D8: Texas Ranger Peach | E8: Texas Ranger | F8: 750ml | G8: Bottle | H8: 4 | I8: 2 | J8: =IF(ISNUMBER(MATCH(B8,Inventory_Tracking!$B$2:$B$1000,0)),"No","Yes") | K8: 2
A9: I-0008 | B9: Liquor | C9: Whiskey | D9: Texas Ranger Coconut | E9: Texas Ranger | F9: 750ml | G9: Bottle | H9: 4 | I9: 2 | J9: =IF(ISNUMBER(MATCH(B9,Inventory_Tracking!$B$2:$B$1000,0)),"No","Yes") | K9: 2
A10: I-0009 | B10: Liquor | C10: Whiskey | D10: Texas Ranger Peanut Butter | E10: Texas Ranger | F10: 750ml | G10: Bottle | H10: 4 | I10: 2 | J10: =IF(ISNUMBER(MATCH(B10,Inventory_Tracking!$B$2:$B$1000,0)),"No","Yes") | K10: 2
A11: I-0010 | B11: Liquor | C11: Whiskey | D11: SagaMore Rye | E11: SagaMore | F11: 750ml | G11: Bottle | H11: 5 | I11: 2 | J11: =IF(ISNUMBER(MATCH(B11,Inventory_Tracking!$B$2:$B$1000,0)),"No","Yes") | K11: 2
A12: I-0011 | B12: Liquor | C12: Whiskey | D12: Bulleit Rye Whiskey | E12: Bulleit | F12: 750ml | G12: Bottle | H12: 5 | I12: 2 | J12: =IF(ISNUMBER(MATCH(B12,Inventory_Tracking!$B$2:$B$1000,0)),"No","Yes") | K12: 2
A13: I-0012 | B13: Liquor | C13: Whiskey | D13: Dewar’s White Label | E13: Dewar’s | F13: 1L | G13: Bottle | H13: 4 | I13: 2 | J13: =IF(ISNUMBER(MATCH(B13,Inventory_Tracking!$B$2:$B$1000,0)),"No","Yes") | K13: 2
A14: I-0013 | B14: Liquor | C14: Whiskey | D14: Buchanan’s 12 | E14: Buchanan’s | F14: 1L | G14: Bottle | H14: 4 | I14: 2 | J14: =IF(ISNUMBER(MATCH(B14,Inventory_Tracking!$B$2:$B$1000,0)),"No","Yes") | K14: 2
A15: I-0014 | B15: Liquor | C15: Whiskey | D15: Wild Turkey 101 | E15: Wild Turkey | F15: 750ml | G15: Bottle | H15: 4 | I15: 2 | J15: =IF(ISNUMBER(MATCH(B15,Inventory_Tracking!$B$2:$B$1000,0)),"No","Yes") | K15: 2
... A55: I-0054 | B55: Liquor | C55: Vodka | D55: Smirnoff Red,White&Merry | E55: Smirnoff | F55: 750ml | G55: Bottle | H55: 4 | I55: 2 | J55: =IF(ISNUMBER(MATCH(B55,Inventory_Tracking!$B$2:$B$1000,0)),"No","Yes") | K55: 2
A56: I-0055 | B56: Liquor | C56: Vodka | D56: Dry Well Mountain | E56: DryWell | F56: 1L | G56: Bottle | J56: =IF(ISNUMBER(MATCH(B56,Inventory_Tracking!$B$2:$B$1000,0)),"No","Yes")
A57: I-0056 | B57: Liquor | C57: Vodka | D57: Ketel One | E57: Ketel One | F57: 1L | G57: Bottle | H57: 4 | I57: 2 | J57: =IF(ISNUMBER(MATCH(B57,Inventory_Tracking!$B$2:$B$1000,0)),"No","Yes") | K57: 2
A58: I-0057 | B58: Liquor | C58: Vodka | D58: Wheatley Vodka | E58: Wheatley | F58: 750ml | G58: Bottle | H58: 3 | I58: 1 | J58: =IF(ISNUMBER(MATCH(B58,Inventory_Tracking!$B$2:$B$1000,0)),"No","Yes") | K58: 2
A59: I-0058 | B59: Liquor | C59: Gin | D59: Taaka | E59: Taaka | F59: 1L | G59: Bottle | H59: 4 | I59: 2 | J59: =IF(ISNUMBER(MATCH(B59,Inventory_Tracking!$B$2:$B$1000,0)),"No","Yes") | K59: 2
A60: I-0059 | B60: Liquor | C60: Gin | D60: Hendrick’s | E60: Hendrick’s | F60: 750ml | G60: Bottle | H60: 4 | I60: 2 | J60: =IF(ISNUMBER(MATCH(B60,Inventory_Tracking!$B$2:$B$1000,0)),"No","Yes") | K60: 2
A61: I-0060 | B61: Liquor | C61: Gin | D61: Tanqueray | E61: Tanqueray | F61: 750ml | G61: Bottle | H61: 4 | I61: 2 | J61: =IF(ISNUMBER(MATCH(B61,Inventory_Tracking!$B$2:$B$1000,0)),"No","Yes") | K61: 2
A62: I-0061 | B62: Liquor | C62: Gin | D62: Bombay Sapphire | E62: Bombay Sapphire | F62: 750ml | G62: Bottle | H62: 4 | I62: 2 | J62: =IF(ISNUMBER(MATCH(B62,Inventory_Tracking!$B$2:$B$1000,0)),"No","Yes") | K62: 2
A63: I-0062 | B63: Liquor | C63: Rum | D63: Bacardi Light | E63: Bacardi | F63: 1L | G63: Bottle | H63: 6 | I63: 3 | J63: =IF(ISNUMBER(MATCH(B63,Inventory_Tracking!$B$2:$B$1000,0)),"No","Yes") | K63: 2
A64: I-0063 | B64: Liquor | C64: Rum | D64: Castillo Light | E64: Castillo | F64: 1L | G64: Bottle | H64: 4 | I64: 2 | J64: =IF(ISNUMBER(MATCH(B64,Inventory_Tracking!$B$2:$B$1000,0)),"No","Yes") | K64: 2
A65: I-0064 | B65: Liquor | C65: Rum | D65: Ron Corina Coconut | E65: Ron Corina | F65: 750ml | G65: Bottle | H65: 3 | I65: 1 | J65: =IF(ISNUMBER(MATCH(B65,Inventory_Tracking!$B$2:$B$1000,0)),"No","Yes") | K65: 2
A66: I-0065 | B66: Liquor | C66: Rum | D66: Captain Morgan Spiced | E66: Captain Morgan | F66: 1L | G66: Bottle | H66: 5 | I66: 2 | J66: =IF(ISNUMBER(MATCH(B66,Inventory_Tracking!$B$2:$B$1000,0)),"No","Yes") | K66: 2
A67: I-0066 | B67: Liquor | C67: Rum | D67: Captain Morgan Original | E67: Captain Morgan | F67: 1L | G67: Bottle | H67: 5 | I67: 2 | J67: =IF(ISNUMBER(MATCH(B67,Inventory_Tracking!$B$2:$B$1000,0)),"No","Yes") | K67: 2
A68: I-0067 | B68: Liquor | C68: Rum | D68: Malibu Coconut | E68: Malibu | F68: 750ml | G68: Bottle | H68: 4 | I68: 2 | J68: =IF(ISNUMBER(MATCH(B68,Inventory_Tracking!$B$2:$B$1000,0)),"No","Yes") | K68: 2
... A74: I-0073 | B74: Liquor | C74: Rum | D74: Parrot Bay | E74: Parrot Bay | F74: 750ml | G74: Bottle | H74: 3 | I74: 1 | J74: =IF(ISNUMBER(MATCH(B74,Inventory_Tracking!$B$2:$B$1000,0)),"No","Yes") | K74: 2
A75: I-0074 | B75: Liquor | C75: Tequila | D75: Lalo | E75: Lalo | F75: 1L | G75: Bottle | J75: =IF(ISNUMBER(MATCH(B75,Inventory_Tracking!$B$2:$B$1000,0)),"No","Yes")
A76: I-0075 | B76: Liquor | C76: Tequila | D76: 1800 Blanco | E76: 1800 | F76: 1L | G76: Bottle | H76: 6 | I76: 3 | J76: =IF(ISNUMBER(MATCH(B76,Inventory_Tracking!$B$2:$B$1000,0)),"No","Yes") | K76: 2
A77: I-0076 | B77: Liquor | C77: Tequila | D77: Torada Silver | E77: Torada | F77: 1L | G77: Bottle | H77: 6 | I77: 3 | J77: =IF(ISNUMBER(MATCH(B77,Inventory_Tracking!$B$2:$B$1000,0)),"No","Yes") | K77: 2
A78: I-0077 | B78: Liquor | C78: Tequila | D78: JaJa Reposado | E78: Jaja | F78: 750ml | G78: Bottle | H78: 6 | I78: 3 | J78: =IF(ISNUMBER(MATCH(B78,Inventory_Tracking!$B$2:$B$1000,0)),"No","Yes") | K78: 2
A79: I-0078 | B79: Liquor | C79: Tequila | D79: JaJa Blanco | E79: Jaja | F79: 750ml | G79: Bottle | H79: 6 | I79: 3 | J79: =IF(ISNUMBER(MATCH(B79,Inventory_Tracking!$B$2:$B$1000,0)),"No","Yes") | K79: 2
A80: I-0079 | B80: Liquor | C80: Tequila | D80: Casamigos Blanco | E80: Casamigos | F80: 750ml | G80: Bottle | H80: 5 | I80: 2 | J80: =IF(ISNUMBER(MATCH(B80,Inventory_Tracking!$B$2:$B$1000,0)),"No","Yes") | K80: 2
A81: I-0080 | B81: Liquor | C81: Tequila | D81: Maestro Dobel Diamante | E81: Maestro | F81: 750ml | G81: Bottle | H81: 5 | I81: 2 | J81: =IF(ISNUMBER(MATCH(B81,Inventory_Tracking!$B$2:$B$1000,0)),"No","Yes") | K81: 2
A82: I-0081 | B82: Liquor | C82: Tequila | D82: Casamigos Reposado | E82: Casamigos | F82: 1L | G82: Bottle | H82: 4 | I82: 2 | J82: =IF(ISNUMBER(MATCH(B82,Inventory_Tracking!$B$2:$B$1000,0)),"No","Yes") | K82: 2
A83: I-0082 | B83: Liquor | C83: Tequila | D83: Espolòn Reposado | E83: Espolòn | F83: 750ml | G83: Bottle | H83: 5 | I83: 2 | J83: =IF(ISNUMBER(MATCH(B83,Inventory_Tracking!$B$2:$B$1000,0)),"No","Yes") | K83: 2
A84: I-0083 | B84: Liquor | C84: Tequila | D84: Espolòn Blanco | E84: Espolòn | F84: 750ml | G84: Bottle | H84: 5 | I84: 2 | J84: =IF(ISNUMBER(MATCH(B84,Inventory_Tracking!$B$2:$B$1000,0)),"No","Yes") | K84: 2
A85: I-0084 | B85: Liquor | C85: Tequila | D85: Herradura | E85: Herradura | F85: 1L | G85: Bottle | H85: 5 | I85: 2 | J85: =IF(ISNUMBER(MATCH(B85,Inventory_Tracking!$B$2:$B$1000,0)),"No","Yes") | K85: 2
A86: I-0085 | B86: Liquor | C86: Tequila | D86: Lunazul | E86: Jalisco | F86: 1L | G86: Bottle | H86: 5 | I86: 2 | J86: =IF(ISNUMBER(MATCH(B86,Inventory_Tracking!$B$2:$B$1000,0)),"No","Yes") | K86: 2
A87: I-0086 | B87: Liquor | C87: Tequila | D87: Don Julio Silver | E87: Don Julio | F87: 750ml | G87: Bottle | H87: 5 | I87: 2 | J87: =IF(ISNUMBER(MATCH(B87,Inventory_Tracking!$B$2:$B$1000,0)),"No","Yes") | K87: 2
A88: I-0087 | B88: Liquor | C88: Tequila | D88: Don Julio Reposado | E88: Don Julio | F88: 750ml | G88: Bottle | H88: 4 | I88: 2 | J88: =IF(ISNUMBER(MATCH(B88,Inventory_Tracking!$B$2:$B$1000,0)),"No","Yes") | K88: 2
... A100: I-0099 | B100: Liquor | C100: Tequila | D100: Jose Cuervo Devil’s Reserve | E100: Jose Cuervo | F100: 750ml | G100: Bottle | H100: 3 | I100: 1 | J100: =IF(ISNUMBER(MATCH(B100,Inventory_Tracking!$B$2:$B$1000,0)),"No","Yes") | K100: 2
A101: I-0100 | B101: Beer | C101: Draft Beer | D101: Bud Light | E101: Bud Light | F101: Keg | G101: Keg | H101: 2 | I101: 1 | J101: =IF(ISNUMBER(MATCH(B101,Inventory_Tracking!$B$2:$B$1000,0)),"No","Yes")
A102: I-0101 | B102: Beer | C102: Draft Beer | D102: Michelob Ultra | E102: Michelob Ultra | F102: Keg | G102: Keg | H102: 2 | I102: 1 | J102: =IF(ISNUMBER(MATCH(B102,Inventory_Tracking!$B$2:$B$1000,0)),"No","Yes")
A103: I-0102 | B103: Beer | C103: Draft Beer | D103: ZiegenBock | E103: ZiegenBock | F103: Keg | G103: Keg | H103: 2 | I103: 1 | J103: =IF(ISNUMBER(MATCH(B103,Inventory_Tracking!$B$2:$B$1000,0)),"No","Yes")
A104: I-0103 | B104: Beer | C104: Draft Beer | D104: Corona Premier | E104: Corona | F104: Keg | G104: Keg | H104: 2 | I104: 1 | J104: =IF(ISNUMBER(MATCH(B104,Inventory_Tracking!$B$2:$B$1000,0)),"No","Yes")
A105: I-0104 | B105: Beer | C105: Draft Beer | D105: Modelo | E105: Modelo | F105: Keg | G105: Keg | H105: 2 | I105: 1 | J105: =IF(ISNUMBER(MATCH(B105,Inventory_Tracking!$B$2:$B$1000,0)),"No","Yes")
A106: I-0105 | B106: Beer | C106: Draft Beer | D106: Karbach Hopadillo IPA | E106: Karbach | F106: Keg | G106: Keg | H106: 1 | I106: 1 | J106: =IF(ISNUMBER(MATCH(B106,Inventory_Tracking!$B$2:$B$1000,0)),"No","Yes")
A107: I-0106 | B107: Beer | C107: Draft Beer | D107: Karbach Love Street | E107: Karbach | F107: Keg | G107: Keg | H107: 1 | I107: 1 | J107: =IF(ISNUMBER(MATCH(B107,Inventory_Tracking!$B$2:$B$1000,0)),"No","Yes")
A108: I-0107 | B108: Beer | C108: Draft Beer | D108: Stella Artois | E108: Stella Artois | F108: Keg | G108: Keg | H108: 1 | I108: 1 | J108: =IF(ISNUMBER(MATCH(B108,Inventory_Tracking!$B$2:$B$1000,0)),"No","Yes")
A109: I-0108 | B109: Beer | C109: Can Beer | D109: White Claw Mango | E109: White Claw | F109: Can | G109: Each | H109: 24 | I109: 12 | J109: =IF(ISNUMBER(MATCH(B109,Inventory_Tracking!$B$2:$B$1000,0)),"No","Yes")
A110: I-0109 | B110: Beer | C110: Can Beer | D110: White Claw Blackberry | E110: White Claw | F110: Can | G110: Each | H110: 24 | I110: 12 | J110: =IF(ISNUMBER(MATCH(B110,Inventory_Tracking!$B$2:$B$1000,0)),"No","Yes")
A111: I-0110 | B111: Beer | C111: Can Beer | D111: White Claw Lime | E111: White Claw | F111: Can | G111: Each | H111: 24 | I111: 12 | J111: =IF(ISNUMBER(MATCH(B111,Inventory_Tracking!$B$2:$B$1000,0)),"No","Yes")
A112: I-0111 | B112: Beer | C112: Can Beer | D112: White Claw Green Apple | E112: White Claw | F112: Can | G112: Each | H112: 24 | I112: 12 | J112: =IF(ISNUMBER(MATCH(B112,Inventory_Tracking!$B$2:$B$1000,0)),"No","Yes")
... A138: I-0137 | B138: Beer | C138: Bottle Beer | D138: Corona Extra | E138: Corona | F138: 12oz | G138: Bottle | H138: 24 | I138: 12 | J138: =IF(ISNUMBER(MATCH(B138,Inventory_Tracking!$B$2:$B$1000,0)),"No","Yes")
A139: I-0138 | B139: Liquor | C139: Mezcal | D139: Disaronno | E139: ILLVA | F139: 1L | G139: Bottle | J139: =IF(ISNUMBER(MATCH(B139,Inventory_Tracking!$B$2:$B$1000,0)),"No","Yes")
A140: I-0139 | B140: Liquor | C140: Mezcal | D140: Lost Explorer | E140: Esoadin | F140: 750ml | G140: Bottle | J140: =IF(ISNUMBER(MATCH(B140,Inventory_Tracking!$B$2:$B$1000,0)),"No","Yes")
A141: I-0140 | B141: Liquor | C141: Mezcal | D141: Naranja | E141: Orange Liqueur | F141: 1L | G141: Bottle | J141: =IF(ISNUMBER(MATCH(B141,Inventory_Tracking!$B$2:$B$1000,0)),"No","Yes")
A142: I-0141 | B142: Liquor | C142: Mezcal | D142: Jagermeister | E142: Jagermeister | F142: 1L | G142: Bottle | J142: =IF(ISNUMBER(MATCH(B142,Inventory_Tracking!$B$2:$B$1000,0)),"No","Yes")
A143: I-0142 | B143: Liquor | C143: Mezcal | D143: Baileys | E143: Baileys | F143: 1L | G143: Bottle | J143: =IF(ISNUMBER(MATCH(B143,Inventory_Tracking!$B$2:$B$1000,0)),"No","Yes")
A144: I-0143 | B144: Beer | C144: Bottle Beer | D144: Pineapple Cider | E144: Pineapple Cider | F144: 12oz | G144: Bottle | H144: 24 | I144: 12 | J144: =IF(ISNUMBER(MATCH(B144,Inventory_Tracking!$B$2:$B$1000,0)),"No","Yes")
A145: I-0144 | B145: Beer | C145: Bottle Beer | D145: Sun Cruiser | E145: Sun Cruiser | F145: 12oz | G145: Bottle | H145: 24 | I145: 12 | J145: =IF(ISNUMBER(MATCH(B145,Inventory_Tracking!$B$2:$B$1000,0)),"No","Yes")
A146: I-0145 | B146: Beer | C146: Bottle Beer | D146: White Claw | E146: White Claw | F146: 12oz | G146: Bottle | H146: 24 | I146: 12 | J146: =IF(ISNUMBER(MATCH(B146,Inventory_Tracking!$B$2:$B$1000,0)),"No","Yes")
A147: I-0146 | B147: Beer | C147: Bottle Beer | D147: Big IPA | E147: Big IPA | F147: 12oz | G147: Bottle | H147: 24 | I147: 12 | J147: =IF(ISNUMBER(MATCH(B147,Inventory_Tracking!$B$2:$B$1000,0)),"No","Yes")
A148: I-0147 | B148: Beer | C148: Bottle Beer | D148: Cayman Jack | E148: Cayman Jack | F148: 12oz | G148: Bottle | H148: 24 | I148: 12 | J148: =IF(ISNUMBER(MATCH(B148,Inventory_Tracking!$B$2:$B$1000,0)),"No","Yes")
A149: I-0148 | B149: Beer | C149: Bottle Beer | D149: Seagram’s | E149: Seagram’s | F149: 12oz | G149: Bottle | H149: 24 | I149: 12 | J149: =IF(ISNUMBER(MATCH(B149,Inventory_Tracking!$B$2:$B$1000,0)),"No","Yes")
A150: I-0149 | B150: Beer | C150: Bottle Beer | D150: Prosecco | E150: Prosecco | F150: 12oz | G150: Bottle | H150: 24 | I150: 12 | J150: =IF(ISNUMBER(MATCH(B150,Inventory_Tracking!$B$2:$B$1000,0)),"No","Yes")
A151: I-0150 | B151: Extras | C151: Syrups / Garnish | D151: Rose’s Grenadine | F151: 1L | G151: Bottle | J151: =IF(ISNUMBER(MATCH(B151,Inventory_Tracking!$B$2:$B$1000,0)),"No","Yes")
A152: I-0151 | B152: Extras | C152: Syrups / Garnish | D152: Rose’s Lime Juice | F152: 1L | G152: Bottle | J152: =IF(ISNUMBER(MATCH(B152,Inventory_Tracking!$B$2:$B$1000,0)),"No","Yes")
A153: I-0152 | B153: Extras | C153: Syrups / Garnish | D153: Monin Cucumber | F153: 1L | G153: Bottle | J153: =IF(ISNUMBER(MATCH(B153,Inventory_Tracking!$B$2:$B$1000,0)),"No","Yes")
A154: I-0153 | B154: Extras | C154: Finest Call / Mixers | D154: Pineapple Juice | F154: 1L | G154: Bottle | J154: =IF(ISNUMBER(MATCH(B154,Inventory_Tracking!$B$2:$B$1000,0)),"No","Yes")
A155: I-0154 | B155: Extras | C155: Finest Call / Mixers | D155: Bar Syrup | F155: 1L | G155: Bottle | J155: =IF(ISNUMBER(MATCH(B155,Inventory_Tracking!$B$2:$B$1000,0)),"No","Yes")
A156: I-0155 | B156: Extras | C156: Finest Call / Mixers | D156: Pina Colada Mix | F156: 1L | G156: Bottle | J156: =IF(ISNUMBER(MATCH(B156,Inventory_Tracking!$B$2:$B$1000,0)),"No","Yes")
A157: I-0156 | B157: Extras | C157: Finest Call / Mixers | D157: Strawberry Puree | F157: 1L | G157: Bottle | J157: =IF(ISNUMBER(MATCH(B157,Inventory_Tracking!$B$2:$B$1000,0)),"No","Yes")
A158: I-0157 | B158: Extras | C158: Finest Call / Mixers | D158: Passion Fruit Puree | F158: 1L | G158: Bottle | J158: =IF(ISNUMBER(MATCH(B158,Inventory_Tracking!$B$2:$B$1000,0)),"No","Yes")
A159: I-0158 | B159: Extras | C159: Finest Call / Mixers | D159: Agave Syrup | F159: 1L | G159: Bottle | J159: =IF(ISNUMBER(MATCH(B159,Inventory_Tracking!$B$2:$B$1000,0)),"No","Yes")
A160: I-0159 | B160: Extras | C160: Finest Call / Mixers | D160: Lemon Juice | F160: 1L | G160: Bottle | J160: =IF(ISNUMBER(MATCH(B160,Inventory_Tracking!$B$2:$B$1000,0)),"No","Yes")
A161: I-0160 | B161: Extras | C161: Finest Call / Mixers | D161: Lime Juice | F161: 1L | G161: Bottle | J161: =IF(ISNUMBER(MATCH(B161,Inventory_Tracking!$B$2:$B$1000,0)),"No","Yes")
A162: I-0161 | J162: =IF(ISNUMBER(MATCH(B162,Inventory_Tracking!$B$2:$B$1000,0)),"No","Yes")
A163: I-0162 | J163: =IF(ISNUMBER(MATCH(B163,Inventory_Tracking!$B$2:$B$1000,0)),"No","Yes")
A164: I-0163 | J164: =IF(ISNUMBER(MATCH(B164,Inventory_Tracking!$B$2:$B$1000,0)),"No","Yes")
A165: I-0164
A166: I-0165
A167: I-0166
A168: I-0167
A169: I-0168
A170: I-0169
A171: I-0170
A172: I-0171
A173: I-0172
A174: I-0173
A175: I-0174
A176: I-0175
... A1004: I-1003

Sheet Vendors_Pricing
A1: Item Name | B1: Vendor | C1: Vendor SKU | D1: Pack Size | E1: Unit Cost | F1: Last Cost | G1: Last Updated | H1: Preferred Vendor | I1: Notes
I2: =IF(E2=MINIFS(E:E, A:A, A2), "Yes", "")
I3: =IF(E3=MINIFS(E:E, A:A, A3), "Yes", "")
I4: =IF(E4=MINIFS(E:E, A:A, A4), "Yes", "")
I5: =IF(E5=MINIFS(E:E, A:A, A5), "Yes", "")
I6: =IF(E6=MINIFS(E:E, A:A, A6), "Yes", "")
I7: =IF(E7=MINIFS(E:E, A:A, A7), "Yes", "")
I8: =IF(E8=MINIFS(E:E, A:A, A8), "Yes", "")
I9: =IF(E9=MINIFS(E:E, A:A, A9), "Yes", "")
I10: =IF(E10=MINIFS(E:E, A:A, A10), "Yes", "")
I11: =IF(E11=MINIFS(E:E, A:A, A11), "Yes", "")
I12: =IF(E12=MINIFS(E:E, A:A, A12), "Yes", "")
I13: =IF(E13=MINIFS(E:E, A:A, A13), "Yes", "")
... I527: =IF(E527=MINIFS(E:E, A:A, A527), "Yes", "")

Sheet Inventory_Tracking
A1: Date | B1: Item Name | C1: Opening Qty | D1: Purchased | E1: Used | F1: Closing Qty | G1: Unit Cost | H1: Inventory Value | I1: Below Par | J1: Notes | K1: Closing Qty
A2: 01/19/2026 | B2: Glenlivet Reserve | C2: 4 | F2: =C2 + D2 - E2 | H2: =K2*G2 | I2: =IF(F2 <= IFERROR(VLOOKUP(B2, Master_Items!C:H, 6, FALSE), 0), "REORDER", "") | K2: =C2+D2
B3: Captain Morgan Spiced | C3: 2 | F3: =C3 + D3 - E3 | H3: =K3*G3 | I3: =IF(F3 <= IFERROR(VLOOKUP(B3, Master_Items!C:H, 6, FALSE), 0), "REORDER", "") | K3: =C3+D3
B4: Fireball Cinnamon | C4: 5 | F4: =C4 + D4 - E4 | H4: =K4*G4 | I4: =IF(F4 <= IFERROR(VLOOKUP(B4, Master_Items!C:H, 6, FALSE), 0), "REORDER", "") | K4: =C4+D4
B5: Bacardi Light | C5: 3 | F5: =C5 + D5 - E5 | H5: =K5*G5 | I5: =IF(F5 <= IFERROR(VLOOKUP(B5, Master_Items!C:H, 6, FALSE), 0), "REORDER", "") | K5: =C5+D5
B6: Glenlivet 12 | C6: 1 | F6: =C6 + D6 - E6 | H6: =K6*G6 | I6: =IF(F6 <= IFERROR(VLOOKUP(B6, Master_Items!C:H, 6, FALSE), 0), "REORDER", "") | K6: =C6+D6
B7: Traveller Blend N9 40 | C7: 1 | F7: =C7 + D7 - E7 | H7: =K7*G7 | I7: =IF(F7 <= IFERROR(VLOOKUP(B7, Master_Items!C:H, 6, FALSE), 0), "REORDER", "") | K7: =C7+D7
B8: Dewar’s White Label | C8: 1 | F8: =C8 + D8 - E8 | H8: =K8*G8 | I8: =IF(F8 <= IFERROR(VLOOKUP(B8, Master_Items!C:H, 6, FALSE), 0), "REORDER", "") | K8: =C8+D8
B9: Jack Daniel’s Tennessee Black Berry | C9: 1 | F9: =C9 + D9 - E9 | H9: =K9*G9 | I9: =IF(F9 <= IFERROR(VLOOKUP(B9, Master_Items!C:H, 6, FALSE), 0), "REORDER", "") | K9: =C9+D9
B10: Smirnoff Red,White&Merry | C10: 1 | F10: =C10 + D10 - E10 | H10: =K10*G10 | I10: =IF(F10 <= IFERROR(VLOOKUP(B10, Master_Items!C:H, 6, FALSE), 0), "REORDER", "") | K10: =C10+D10
B11: Buchanan’s 12 | C11: 2 | F11: =C11 + D11 - E11 | H11: =K11*G11 | I11: =IF(F11 <= IFERROR(VLOOKUP(B11, Master_Items!C:H, 6, FALSE), 0), "REORDER", "") | K11: =C11+D11
B12: Macallan 12 | C12: 1 | F12: =C12 + D12 - E12 | H12: =K12*G12 | I12: =IF(F12 <= IFERROR(VLOOKUP(B12, Master_Items!C:H, 6, FALSE), 0), "REORDER", "") | K12: =C12+D12
B13: Macallan 15 | C13: 1 | F13: =C13 + D13 - E13 | H13: =K13*G13 | I13: =IF(F13 <= IFERROR(VLOOKUP(B13, Master_Items!C:H, 6, FALSE), 0), "REORDER", "") | K13: =C13+D13
B14: Glenfiddich 15 | C14: 1 | F14: =C14 + D14 - E14 | H14: =K14*G14 | I14: =IF(F14 <= IFERROR(VLOOKUP(B14, Master_Items!C:H, 6, FALSE), 0), "REORDER", "") | K14: =C14+D14
... B102: Prosecco | C102: 14 | F102: =C102 + D102 - E102 | H102: =K102*G102 | I102: =IF(F102 <= IFERROR(VLOOKUP(B102, Master_Items!C:H, 6, FALSE), 0), "REORDER", "") | K102: =C102+D102
B103: Topo Chico Hard Seltzer | C103: 34 | H103: =K103*G103 | K103: =C103+D103
B104: Rose’s Grenadine | C104: 7 | F104: =C104 + D104 - E104 | H104: =K104*G104 | I104: =IF(F104 <= IFERROR(VLOOKUP(B104, Master_Items!C:H, 6, FALSE), 0), "REORDER", "") | K104: =C104+D104
B105: Rose’s Lime Juice | C105: 2 | F105: =C105 + D105 - E105 | H105: =K105*G105 | I105: =IF(F105 <= IFERROR(VLOOKUP(B105, Master_Items!C:H, 6, FALSE), 0), "REORDER", "") | K105: =C105+D105
B106: Monin Cucumber | C106: 4 | F106: =C106 + D106 - E106 | H106: =K106*G106 | I106: =IF(F106 <= IFERROR(VLOOKUP(B106, Master_Items!C:H, 6, FALSE), 0), "REORDER", "") | K106: =C106+D106
B107: Pineapple Juice | C107: 2 | F107: =C107 + D107 - E107 | H107: =K107*G107 | I107: =IF(F107 <= IFERROR(VLOOKUP(B107, Master_Items!C:H, 6, FALSE), 0), "REORDER", "") | K107: =C107+D107
B108: Bar Syrup | C108: 3 | F108: =C108 + D108 - E108 | H108: =K108*G108 | I108: =IF(F108 <= IFERROR(VLOOKUP(B108, Master_Items!C:H, 6, FALSE), 0), "REORDER", "") | K108: =C108+D108
B109: Pina Colada Mix | C109: 4 | F109: =C109 + D109 - E109 | H109: =K109*G109 | I109: =IF(F109 <= IFERROR(VLOOKUP(B109, Master_Items!C:H, 6, FALSE), 0), "REORDER", "") | K109: =C109+D109
B110: Strawberry Puree | C110: 5 | F110: =C110 + D110 - E110 | H110: =K110*G110 | I110: =IF(F110 <= IFERROR(VLOOKUP(B110, Master_Items!C:H, 6, FALSE), 0), "REORDER", "") | K110: =C110+D110
B111: Passion Fruit Puree | C111: 2 | F111: =C111 + D111 - E111 | H111: =K111*G111 | I111: =IF(F111 <= IFERROR(VLOOKUP(B111, Master_Items!C:H, 6, FALSE), 0), "REORDER", "") | K111: =C111+D111
B112: Agave Syrup | C112: 3 | F112: =C112 + D112 - E112 | H112: =K112*G112 | I112: =IF(F112 <= IFERROR(VLOOKUP(B112, Master_Items!C:H, 6, FALSE), 0), "REORDER", "") | K112: =C112+D112
B113: Lemon Juice | C113: 3 | F113: =C113 + D113 - E113 | H113: =K113*G113 | I113: =IF(F113 <= IFERROR(VLOOKUP(B113, Master_Items!C:H, 6, FALSE), 0), "REORDER", "") | K113: =C113+D113
B114: Lime Juice | C114: 1 | F114: =C114 + D114 - E114 | H114: =K114*G114 | I114: =IF(F114 <= IFERROR(VLOOKUP(B114, Master_Items!C:H, 6, FALSE), 0), "REORDER", "") | K114: =C114+D114
F115: =C115 + D115 - E115 | H115: =K115*G115 | I115: =IF(F115 <= IFERROR(VLOOKUP(B115, Master_Items!C:H, 6, FALSE), 0), "REORDER", "") | K115: =C115+D115
F116: =C116 + D116 - E116 | H116: =K116*G116 | I116: =IF(F116 <= IFERROR(VLOOKUP(B116, Master_Items!C:H, 6, FALSE), 0), "REORDER", "") | K116: =C116+D116
F117: =C117 + D117 - E117 | H117: =K117*G117 | I117: =IF(F117 <= IFERROR(VLOOKUP(B117, Master_Items!C:H, 6, FALSE), 0), "REORDER", "") | K117: =C117+D117
F118: =C118 + D118 - E118 | H118: =K118*G118 | I118: =IF(F118 <= IFERROR(VLOOKUP(B118, Master_Items!C:H, 6, FALSE), 0), "REORDER", "") | K118: =C118+D118
F119: =C119 + D119 - E119 | H119: =K119*G119 | I119: =IF(F119 <= IFERROR(VLOOKUP(B119, Master_Items!C:H, 6, FALSE), 0), "REORDER", "") | K119: =C119+D119
F120: =C120 + D120 - E120 | H120: =K120*G120 | I120: =IF(F120 <= IFERROR(VLOOKUP(B120, Master_Items!C:H, 6, FALSE), 0), "REORDER", "") | K120: =C120+D120
F121: =C121 + D121 - E121 | H121: =K121*G121 | I121: =IF(F121 <= IFERROR(VLOOKUP(B121, Master_Items!C:H, 6, FALSE), 0), "REORDER", "") | K121: =C121+D121
F122: =C122 + D122 - E122 | H122: =K122*G122 | I122: =IF(F122 <= IFERROR(VLOOKUP(B122, Master_Items!C:H, 6, FALSE), 0), "REORDER", "") | K122: =C122+D122
F123: =C123 + D123 - E123 | H123: =K123*G123 | I123: =IF(F123 <= IFERROR(VLOOKUP(B123, Master_Items!C:H, 6, FALSE), 0), "REORDER", "") | K123: =C123+D123
F124: =C124 + D124 - E124 | H124: =K124*G124 | I124: =IF(F124 <= IFERROR(VLOOKUP(B124, Master_Items!C:H, 6, FALSE), 0), "REORDER", "") | K124: =C124+D124
F125: =C125 + D125 - E125 | H125: =K125*G125 | I125: =IF(F125 <= IFERROR(VLOOKUP(B125, Master_Items!C:H, 6, FALSE), 0), "REORDER", "") | K125: =C125+D125
F126: =C126 + D126 - E126 | H126: =K126*G126 | I126: =IF(F126 <= IFERROR(VLOOKUP(B126, Master_Items!C:H, 6, FALSE), 0), "REORDER", "") | K126: =C126+D126
... F582: =C582 + D582 - E582 | H582: =K582*G582 | I582: =IF(F582 <= IFERROR(VLOOKUP(B582, Master_Items!C:H, 6, FALSE), 0), "REORDER", "") | K582: =C582+D582
F583: =C583 + D583 - E583 | H583: =K583*G583 | I583: =IF(F583 < IFERROR(VLOOKUP(B583, Master_Items!C:G, 5, FALSE), 0), "YES", "") | K583: =C583+D583
F584: =C584 + D584 - E584 | H584: =K584*G584 | I584: =IF(F584 < IFERROR(VLOOKUP(B584, Master_Items!C:G, 5, FALSE), 0), "YES", "") | K584: =C584+D584
F585: =C585 + D585 - E585 | H585: =K585*G585 | I585: =IF(F585 < IFERROR(VLOOKUP(B585, Master_Items!C:G, 5, FALSE), 0), "YES", "") | K585: =C585+D585
F586: =C586 + D586 - E586 | H586: =K586*G586 | I586: =IF(F586 < IFERROR(VLOOKUP(B586, Master_Items!C:G, 5, FALSE), 0), "YES", "") | K586: =C586+D586
F587: =C587 + D587 - E587 | H587: =K587*G587 | I587: =IF(F587 < IFERROR(VLOOKUP(B587, Master_Items!C:G, 5, FALSE), 0), "YES", "") | K587: =C587+D587
F588: =C588 + D588 - E588 | H588: =K588*G588 | I588: =IF(F588 < IFERROR(VLOOKUP(B588, Master_Items!C:G, 5, FALSE), 0), "YES", "") | K588: =C588+D588
F589: =C589 + D589 - E589 | H589: =K589*G589 | I589: =IF(F589 < IFERROR(VLOOKUP(B589, Master_Items!C:G, 5, FALSE), 0), "YES", "") | K589: =C589+D589
F590: =C590 + D590 - E590 | H590: =K590*G590 | I590: =IF(F590 < IFERROR(VLOOKUP(B590, Master_Items!C:G, 5, FALSE), 0), "YES", "") | K590: =C590+D590
F591: =C591 + D591 - E591 | H591: =K591*G591 | I591: =IF(F591 < IFERROR(VLOOKUP(B591, Master_Items!C:G, 5, FALSE), 0), "YES", "") | K591: =C591+D591
F592: =C592 + D592 - E592 | H592: =K592*G592 | I592: =IF(F592 < IFERROR(VLOOKUP(B592, Master_Items!C:G, 5, FALSE), 0), "YES", "") | K592: =C592+D592
F593: =C593 + D593 - E593 | H593: =K593*G593 | I593: =IF(F593 < IFERROR(VLOOKUP(B593, Master_Items!C:G, 5, FALSE), 0), "YES", "") | K593: =C593+D593
F594: =C594 + D594 - E594 | H594: =K594*G594 | I594: =IF(F594 < IFERROR(VLOOKUP(B594, Master_Items!C:G, 5, FALSE), 0), "YES", "") | K594: =C594+D594
... F627: =C627 + D627 - E627 | H627: =K627*G627 | I627: =IF(F627 < IFERROR(VLOOKUP(B627, Master_Items!C:G, 5, FALSE), 0), "YES", "") | K627: =C627+D627
H628: =K628*G628 | I628: =IF(F628 < IFERROR(VLOOKUP(B628, Master_Items!C:G, 5, FALSE), 0), "YES", "") | K628: =C628+D628
H629: =K629*G629 | I629: =IF(F629 < IFERROR(VLOOKUP(B629, Master_Items!C:G, 5, FALSE), 0), "YES", "") | K629: =C629+D629
H630: =K630*G630 | I630: =IF(F630 < IFERROR(VLOOKUP(B630, Master_Items!C:G, 5, FALSE), 0), "YES", "") | K630: =C630+D630
H631: =K631*G631 | I631: =IF(F631 < IFERROR(VLOOKUP(B631, Master_Items!C:G, 5, FALSE), 0), "YES", "") | K631: =C631+D631
H632: =K632*G632 | I632: =IF(F632 < IFERROR(VLOOKUP(B632, Master_Items!C:G, 5, FALSE), 0), "YES", "") | K632: =C632+D632
H633: =K633*G633 | I633: =IF(F633 < IFERROR(VLOOKUP(B633, Master_Items!C:G, 5, FALSE), 0), "YES", "") | K633: =C633+D633
H634: =K634*G634 | I634: =IF(F634 < IFERROR(VLOOKUP(B634, Master_Items!C:G, 5, FALSE), 0), "YES", "") | K634: =C634+D634
H635: =K635*G635 | I635: =IF(F635 < IFERROR(VLOOKUP(B635, Master_Items!C:G, 5, FALSE), 0), "YES", "") | K635: =C635+D635
H636: =K636*G636 | I636: =IF(F636 < IFERROR(VLOOKUP(B636, Master_Items!C:G, 5, FALSE), 0), "YES", "") | K636: =C636+D636
H637: =K637*G637 | I637: =IF(F637 < IFERROR(VLOOKUP(B637, Master_Items!C:G, 5, FALSE), 0), "YES", "") | K637: =C637+D637
H638: =K638*G638 | I638: =IF(F638 < IFERROR(VLOOKUP(B638, Master_Items!C:G, 5, FALSE), 0), "YES", "") | K638: =C638+D638
H639: =K639*G639 | I639: =IF(F639 < IFERROR(VLOOKUP(B639, Master_Items!C:G, 5, FALSE), 0), "YES", "") | K639: =C639+D639
... H654: =K654*G654 | I654: =IF(F654 < IFERROR(VLOOKUP(B654, Master_Items!C:G, 5, FALSE), 0), "YES", "") | K654: =C654+D654
H655: =K655*G655 | K655: =C655+D655
H656: =K656*G656 | K656: =C656+D656
H657: =K657*G657 | K657: =C657+D657
H658: =K658*G658 | K658: =C658+D658
H659: =K659*G659 | K659: =C659+D659
H660: =K660*G660 | K660: =C660+D660
H661: =K661*G661 | K661: =C661+D661
H662: =K662*G662 | K662: =C662+D662
H663: =K663*G663 | K663: =C663+D663
H664: =K664*G664 | K664: =C664+D664
H665: =K665*G665 | K665: =C665+D665
H666: =K666*G666 | K666: =C666+D666
... H1000: =K1000*G1000 | K1000: =C1000+D1000

Sheet Purchases_Log
A1: Date | B1: Vendor | C1: Item Name | D1: Qty Purchased | E1: Unit Cost | F1: Total Cost | G1: Invoice # | H1: Paid? | I1: Notes
E2: =IFERROR(__xludf.DUMMYFUNCTION("IFERROR( VLOOKUP( C2, FILTER(Vendors_Pricing!A:E, Vendors_Pricing!H:H=""Yes""), 5, FALSE ), """" ) "),"") | F2: =D2 * E2
E3: =IFERROR(__xludf.DUMMYFUNCTION("IFERROR( VLOOKUP( C3, FILTER(Vendors_Pricing!A:E, Vendors_Pricing!H:H=""Yes""), 5, FALSE ), """" ) "),"") | F3: =D3 * E3
E4: =IFERROR(__xludf.DUMMYFUNCTION("IFERROR( VLOOKUP( C4, FILTER(Vendors_Pricing!A:E, Vendors_Pricing!H:H=""Yes""), 5, FALSE ), """" ) "),"") | F4: =D4 * E4
E5: =IFERROR(__xludf.DUMMYFUNCTION("IFERROR( VLOOKUP( C5, FILTER(Vendors_Pricing!A:E, Vendors_Pricing!H:H=""Yes""), 5, FALSE ), """" ) "),"") | F5: =D5 * E5
E6: =IFERROR(__xludf.DUMMYFUNCTION("IFERROR( VLOOKUP( C6, FILTER(Vendors_Pricing!A:E, Vendors_Pricing!H:H=""Yes""), 5, FALSE ), """" ) "),"") | F6: =D6 * E6
E7: =IFERROR(__xludf.DUMMYFUNCTION("IFERROR( VLOOKUP( C7, FILTER(Vendors_Pricing!A:E, Vendors_Pricing!H:H=""Yes""), 5, FALSE ), """" ) "),"") | F7: =D7 * E7
E8: =IFERROR(__xludf.DUMMYFUNCTION("IFERROR( VLOOKUP( C8, FILTER(Vendors_Pricing!A:E, Vendors_Pricing!H:H=""Yes""), 5, FALSE ), """" ) "),"") | F8: =D8 * E8
E9: =IFERROR(__xludf.DUMMYFUNCTION("IFERROR( VLOOKUP( C9, FILTER(Vendors_Pricing!A:E, Vendors_Pricing!H:H=""Yes""), 5, FALSE ), """" ) "),"") | F9: =D9 * E9
E10: =IFERROR(__xludf.DUMMYFUNCTION("IFERROR( VLOOKUP( C10, FILTER(Vendors_Pricing!A:E, Vendors_Pricing!H:H=""Yes""), 5, FALSE ), """" ) "),"") | F10: =D10 * E10
E11: =IFERROR(__xludf.DUMMYFUNCTION("IFERROR( VLOOKUP( C11, FILTER(Vendors_Pricing!A:E, Vendors_Pricing!H:H=""Yes""), 5, FALSE ), """" ) "),"") | F11: =D11 * E11
E12: =IFERROR(__xludf.DUMMYFUNCTION("IFERROR( VLOOKUP( C12, FILTER(Vendors_Pricing!A:E, Vendors_Pricing!H:H=""Yes""), 5, FALSE ), """" ) "),"") | F12: =D12 * E12
E13: =IFERROR(__xludf.DUMMYFUNCTION("IFERROR( VLOOKUP( C13, FILTER(Vendors_Pricing!A:E, Vendors_Pricing!H:H=""Yes""), 5, FALSE ), """" ) "),"") | F13: =D13 * E13
E14: =IFERROR(__xludf.DUMMYFUNCTION("IFERROR( VLOOKUP( C14, FILTER(Vendors_Pricing!A:E, Vendors_Pricing!H:H=""Yes""), 5, FALSE ), """" ) "),"") | F14: =D14 * E14
E15: =IFERROR(__xludf.DUMMYFUNCTION("IFERROR( VLOOKUP( C15, FILTER(Vendors_Pricing!A:E, Vendors_Pricing!H:H=""Yes""), 5, FALSE ), """" ) "),"") | F15: =D15 * E15
E16: =IFERROR(__xludf.DUMMYFUNCTION("IFERROR( VLOOKUP( C16, FILTER(Vendors_Pricing!A:E, Vendors_Pricing!H:H=""Yes""), 5, FALSE ), """" ) "),"") | F16: =D16 * E16
E17: =IFERROR(__xludf.DUMMYFUNCTION("IFERROR( VLOOKUP( C17, FILTER(Vendors_Pricing!A:E, Vendors_Pricing!H:H=""Yes""), 5, FALSE ), """" ) "),"") | F17: =D17 * E17
E18: =IFERROR(__xludf.DUMMYFUNCTION("IFERROR( VLOOKUP( C18, FILTER(Vendors_Pricing!A:E, Vendors_Pricing!H:H=""Yes""), 5, FALSE ), """" ) "),"") | F18: =D18 * E18
E19: =IFERROR(__xludf.DUMMYFUNCTION("IFERROR( VLOOKUP( C19, FILTER(Vendors_Pricing!A:E, Vendors_Pricing!H:H=""Yes""), 5, FALSE ), """" ) "),"") | F19: =D19 * E19
E20: =IFERROR(__xludf.DUMMYFUNCTION("IFERROR( VLOOKUP( C20, FILTER(Vendors_Pricing!A:E, Vendors_Pricing!H:H=""Yes""), 5, FALSE ), """" ) "),"") | F20: =D20 * E20
E21: =IFERROR(__xludf.DUMMYFUNCTION("IFERROR( VLOOKUP( C21, FILTER(Vendors_Pricing!A:E, Vendors_Pricing!H:H=""Yes""), 5, FALSE ), """" ) "),"") | F21: =D21 * E21
E22: =IFERROR(__xludf.DUMMYFUNCTION("IFERROR( VLOOKUP( C22, FILTER(Vendors_Pricing!A:E, Vendors_Pricing!H:H=""Yes""), 5, FALSE ), """" ) "),"") | F22: =D22 * E22
E23: =IFERROR(__xludf.DUMMYFUNCTION("IFERROR( VLOOKUP( C23, FILTER(Vendors_Pricing!A:E, Vendors_Pricing!H:H=""Yes""), 5, FALSE ), """" ) "),"") | F23: =D23 * E23
E24: =IFERROR(__xludf.DUMMYFUNCTION("IFERROR( VLOOKUP( C24, FILTER(Vendors_Pricing!A:E, Vendors_Pricing!H:H=""Yes""), 5, FALSE ), """" ) "),"") | F24: =D24 * E24
E25: =IFERROR(__xludf.DUMMYFUNCTION("IFERROR( VLOOKUP( C25, FILTER(Vendors_Pricing!A:E, Vendors_Pricing!H:H=""Yes""), 5, FALSE ), """" ) "),"") | F25: =D25 * E25
E26: =IFERROR(__xludf.DUMMYFUNCTION("IFERROR( VLOOKUP( C26, FILTER(Vendors_Pricing!A:E, Vendors_Pricing!H:H=""Yes""), 5, FALSE ), """" ) "),"") | F26: =D26 * E26
E27: =IFERROR(__xludf.DUMMYFUNCTION("IFERROR( VLOOKUP( C27, FILTER(Vendors_Pricing!A:E, Vendors_Pricing!H:H=""Yes""), 5, FALSE ), """" ) "),"") | F27: =D27 * E27
E28: =IFERROR(__xludf.DUMMYFUNCTION("IFERROR( VLOOKUP( C28, FILTER(Vendors_Pricing!A:E, Vendors_Pricing!H:H=""Yes""), 5, FALSE ), """" ) "),"") | F28: =D28 * E28
E29: =IFERROR(__xludf.DUMMYFUNCTION("IFERROR( VLOOKUP( C29, FILTER(Vendors_Pricing!A:E, Vendors_Pricing!H:H=""Yes""), 5, FALSE ), """" ) "),"") | F29: =D29 * E29
E30: =IFERROR(__xludf.DUMMYFUNCTION("IFERROR( VLOOKUP( C30, FILTER(Vendors_Pricing!A:E, Vendors_Pricing!H:H=""Yes""), 5, FALSE ), """" ) "),"") | F30: =D30 * E30
E31: =IFERROR(__xludf.DUMMYFUNCTION("IFERROR( VLOOKUP( C31, FILTER(Vendors_Pricing!A:E, Vendors_Pricing!H:H=""Yes""), 5, FALSE ), """" ) "),"") | F31: =D31 * E31
E32: =IFERROR(__xludf.DUMMYFUNCTION("IFERROR( VLOOKUP( C32, FILTER(Vendors_Pricing!A:E, Vendors_Pricing!H:H=""Yes""), 5, FALSE ), """" ) "),"") | F32: =D32 * E32
E33: =IFERROR(__xludf.DUMMYFUNCTION("IFERROR( VLOOKUP( C33, FILTER(Vendors_Pricing!A:E, Vendors_Pricing!H:H=""Yes""), 5, FALSE ), """" ) "),"") | F33: =D33 * E33
E34: =IFERROR(__xludf.DUMMYFUNCTION("IFERROR( VLOOKUP( C34, FILTER(Vendors_Pricing!A:E, Vendors_Pricing!H:H=""Yes""), 5, FALSE ), """" ) "),"") | F34: =D34 * E34
E35: =IFERROR(__xludf.DUMMYFUNCTION("IFERROR( VLOOKUP( C35, FILTER(Vendors_Pricing!A:E, Vendors_Pricing!H:H=""Yes""), 5, FALSE ), """" ) "),"") | F35: =D35 * E35
E36: =IFERROR(__xludf.DUMMYFUNCTION("IFERROR( VLOOKUP( C36, FILTER(Vendors_Pricing!A:E, Vendors_Pricing!H:H=""Yes""), 5, FALSE ), """" ) "),"") | F36: =D36 * E36
E37: =IFERROR(__xludf.DUMMYFUNCTION("IFERROR( VLOOKUP( C37, FILTER(Vendors_Pricing!A:E, Vendors_Pricing!H:H=""Yes""), 5, FALSE ), """" ) "),"") | F37: =D37 * E37
E38: =IFERROR(__xludf.DUMMYFUNCTION("IFERROR( VLOOKUP( C38, FILTER(Vendors_Pricing!A:E, Vendors_Pricing!H:H=""Yes""), 5, FALSE ), """" ) "),"") | F38: =D38 * E38
E39: =IFERROR(__xludf.DUMMYFUNCTION("IFERROR( VLOOKUP( C39, FILTER(Vendors_Pricing!A:E, Vendors_Pricing!H:H=""Yes""), 5, FALSE ), """" ) "),"") | F39: =D39 * E39
E40: =IFERROR(__xludf.DUMMYFUNCTION("IFERROR( VLOOKUP( C40, FILTER(Vendors_Pricing!A:E, Vendors_Pricing!H:H=""Yes""), 5, FALSE ), """" ) "),"") | F40: =D40 * E40
E41: =IFERROR(__xludf.DUMMYFUNCTION("IFERROR( VLOOKUP( C41, FILTER(Vendors_Pricing!A:E, Vendors_Pricing!H:H=""Yes""), 5, FALSE ), """" ) "),"") | F41: =D41 * E41
E42: =IFERROR(__xludf.DUMMYFUNCTION("IFERROR( VLOOKUP( C42, FILTER(Vendors_Pricing!A:E, Vendors_Pricing!H:H=""Yes""), 5, FALSE ), """" ) "),"") | F42: =D42 * E42
E43: =IFERROR(__xludf.DUMMYFUNCTION("IFERROR( VLOOKUP( C43, FILTER(Vendors_Pricing!A:E, Vendors_Pricing!H:H=""Yes""), 5, FALSE ), """" ) "),"") | F43: =D43 * E43
E44: =IFERROR(__xludf.DUMMYFUNCTION("IFERROR( VLOOKUP( C44, FILTER(Vendors_Pricing!A:E, Vendors_Pricing!H:H=""Yes""), 5, FALSE ), """" ) "),"") | F44: =D44 * E44
E45: =IFERROR(__xludf.DUMMYFUNCTION("IFERROR( VLOOKUP( C45, FILTER(Vendors_Pricing!A:E, Vendors_Pricing!H:H=""Yes""), 5, FALSE ), """" ) "),"") | F45: =D45 * E45
E46: =IFERROR(__xludf.DUMMYFUNCTION("IFERROR( VLOOKUP( C46, FILTER(Vendors_Pricing!A:E, Vendors_Pricing!H:H=""Yes""), 5, FALSE ), """" ) "),"") | F46: =D46 * E46
E47: =IFERROR(__xludf.DUMMYFUNCTION("IFERROR( VLOOKUP( C47, FILTER(Vendors_Pricing!A:E, Vendors_Pricing!H:H=""Yes""), 5, FALSE ), """" ) "),"") | F47: =D47 * E47
E48: =IFERROR(__xludf.DUMMYFUNCTION("IFERROR( VLOOKUP( C48, FILTER(Vendors_Pricing!A:E, Vendors_Pricing!H:H=""Yes""), 5, FALSE ), """" ) "),"") | F48: =D48 * E48
E49: =IFERROR(__xludf.DUMMYFUNCTION("IFERROR( VLOOKUP( C49, FILTER(Vendors_Pricing!A:E, Vendors_Pricing!H:H=""Yes""), 5, FALSE ), """" ) "),"") | F49: =D49 * E49
E50: =IFERROR(__xludf.DUMMYFUNCTION("IFERROR( VLOOKUP( C50, FILTER(Vendors_Pricing!A:E, Vendors_Pricing!H:H=""Yes""), 5, FALSE ), """" ) "),"") | F50: =D50 * E50
E51: =IFERROR(__xludf.DUMMYFUNCTION("IFERROR( VLOOKUP( C51, FILTER(Vendors_Pricing!A:E, Vendors_Pricing!H:H=""Yes""), 5, FALSE ), """" ) "),"") | F51: =D51 * E51
E52: =IFERROR(__xludf.DUMMYFUNCTION("IFERROR( VLOOKUP( C52, FILTER(Vendors_Pricing!A:E, Vendors_Pricing!H:H=""Yes""), 5, FALSE ), """" ) "),"") | F52: =D52 * E52
E53: =IFERROR(__xludf.DUMMYFUNCTION("IFERROR( VLOOKUP( C53, FILTER(Vendors_Pricing!A:E, Vendors_Pricing!H:H=""Yes""), 5, FALSE ), """" ) "),"") | F53: =D53 * E53
E54: =IFERROR(__xludf.DUMMYFUNCTION("IFERROR( VLOOKUP( C54, FILTER(Vendors_Pricing!A:E, Vendors_Pricing!H:H=""Yes""), 5, FALSE ), """" ) "),"") | F54: =D54 * E54
E55: =IFERROR(__xludf.DUMMYFUNCTION("IFERROR( VLOOKUP( C55, FILTER(Vendors_Pricing!A:E, Vendors_Pricing!H:H=""Yes""), 5, FALSE ), """" ) "),"") | F55: =D55 * E55
E56: =IFERROR(__xludf.DUMMYFUNCTION("IFERROR( VLOOKUP( C56, FILTER(Vendors_Pricing!A:E, Vendors_Pricing!H:H=""Yes""), 5, FALSE ), """" ) "),"") | F56: =D56 * E56
E57: =IFERROR(__xludf.DUMMYFUNCTION("IFERROR( VLOOKUP( C57, FILTER(Vendors_Pricing!A:E, Vendors_Pricing!H:H=""Yes""), 5, FALSE ), """" ) "),"") | F57: =D57 * E57
E58: =IFERROR(__xludf.DUMMYFUNCTION("IFERROR( VLOOKUP( C58, FILTER(Vendors_Pricing!A:E, Vendors_Pricing!H:H=""Yes""), 5, FALSE ), """" ) "),"") | F58: =D58 * E58
E59: =IFERROR(__xludf.DUMMYFUNCTION("IFERROR( VLOOKUP( C59, FILTER(Vendors_Pricing!A:E, Vendors_Pricing!H:H=""Yes""), 5, FALSE ), """" ) "),"") | F59: =D59 * E59
E60: =IFERROR(__xludf.DUMMYFUNCTION("IFERROR( VLOOKUP( C60, FILTER(Vendors_Pricing!A:E, Vendors_Pricing!H:H=""Yes""), 5, FALSE ), """" ) "),"") | F60: =D60 * E60
E61: =IFERROR(__xludf.DUMMYFUNCTION("IFERROR( VLOOKUP( C61, FILTER(Vendors_Pricing!A:E, Vendors_Pricing!H:H=""Yes""), 5, FALSE ), """" ) "),"") | F61: =D61 * E61
E62: =IFERROR(__xludf.DUMMYFUNCTION("IFERROR( VLOOKUP( C62, FILTER(Vendors_Pricing!A:E, Vendors_Pricing!H:H=""Yes""), 5, FALSE ), """" ) "),"") | F62: =D62 * E62
E63: =IFERROR(__xludf.DUMMYFUNCTION("IFERROR( VLOOKUP( C63, FILTER(Vendors_Pricing!A:E, Vendors_Pricing!H:H=""Yes""), 5, FALSE ), """" ) "),"") | F63: =D63 * E63
E64: =IFERROR(__xludf.DUMMYFUNCTION("IFERROR( VLOOKUP( C64, FILTER(Vendors_Pricing!A:E, Vendors_Pricing!H:H=""Yes""), 5, FALSE ), """" ) "),"") | F64: =D64 * E64
E65: =IFERROR(__xludf.DUMMYFUNCTION("IFERROR( VLOOKUP( C65, FILTER(Vendors_Pricing!A:E, Vendors_Pricing!H:H=""Yes""), 5, FALSE ), """" ) "),"") | F65: =D65 * E65
E66: =IFERROR(__xludf.DUMMYFUNCTION("IFERROR( VLOOKUP( C66, FILTER(Vendors_Pricing!A:E, Vendors_Pricing!H:H=""Yes""), 5, FALSE ), """" ) "),"") | F66: =D66 * E66
E67: =IFERROR(__xludf.DUMMYFUNCTION("IFERROR( VLOOKUP( C67, FILTER(Vendors_Pricing!A:E, Vendors_Pricing!H:H=""Yes""), 5, FALSE ), """" ) "),"") | F67: =D67 * E67
E68: =IFERROR(__xludf.DUMMYFUNCTION("IFERROR( VLOOKUP( C68, FILTER(Vendors_Pricing!A:E, Vendors_Pricing!H:H=""Yes""), 5, FALSE ), """" ) "),"") | F68: =D68 * E68
E69: =IFERROR(__xludf.DUMMYFUNCTION("IFERROR( VLOOKUP( C69, FILTER(Vendors_Pricing!A:E, Vendors_Pricing!H:H=""Yes""), 5, FALSE ), """" ) "),"") | F69: =D69 * E69
E70: =IFERROR(__xludf.DUMMYFUNCTION("IFERROR( VLOOKUP( C70, FILTER(Vendors_Pricing!A:E, Vendors_Pricing!H:H=""Yes""), 5, FALSE ), """" ) "),"") | F70: =D70 * E70
E71: =IFERROR(__xludf.DUMMYFUNCTION("IFERROR( VLOOKUP( C71, FILTER(Vendors_Pricing!A:E, Vendors_Pricing!H:H=""Yes""), 5, FALSE ), """" ) "),"") | F71: =D71 * E71
E72: =IFERROR(__xludf.DUMMYFUNCTION("IFERROR( VLOOKUP( C72, FILTER(Vendors_Pricing!A:E, Vendors_Pricing!H:H=""Yes""), 5, FALSE ), """" ) "),"") | F72: =D72 * E72
E73: =IFERROR(__xludf.DUMMYFUNCTION("IFERROR( VLOOKUP( C73, FILTER(Vendors_Pricing!A:E, Vendors_Pricing!H:H=""Yes""), 5, FALSE ), """" ) "),"") | F73: =D73 * E73
E74: =IFERROR(__xludf.DUMMYFUNCTION("IFERROR( VLOOKUP( C74, FILTER(Vendors_Pricing!A:E, Vendors_Pricing!H:H=""Yes""), 5, FALSE ), """" ) "),"") | F74: =D74 * E74
E75: =IFERROR(__xludf.DUMMYFUNCTION("IFERROR( VLOOKUP( C75, FILTER(Vendors_Pricing!A:E, Vendors_Pricing!H:H=""Yes""), 5, FALSE ), """" ) "),"") | F75: =D75 * E75
E76: =IFERROR(__xludf.DUMMYFUNCTION("IFERROR( VLOOKUP( C76, FILTER(Vendors_Pricing!A:E, Vendors_Pricing!H:H=""Yes""), 5, FALSE ), """" ) "),"") | F76: =D76 * E76
E77: =IFERROR(__xludf.DUMMYFUNCTION("IFERROR( VLOOKUP( C77, FILTER(Vendors_Pricing!A:E, Vendors_Pricing!H:H=""Yes""), 5, FALSE ), """" ) "),"") | F77: =D77 * E77
E78: =IFERROR(__xludf.DUMMYFUNCTION("IFERROR( VLOOKUP( C78, FILTER(Vendors_Pricing!A:E, Vendors_Pricing!H:H=""Yes""), 5, FALSE ), """" ) "),"") | F78: =D78 * E78
E79: =IFERROR(__xludf.DUMMYFUNCTION("IFERROR( VLOOKUP( C79, FILTER(Vendors_Pricing!A:E, Vendors_Pricing!H:H=""Yes""), 5, FALSE ), """" ) "),"") | F79: =D79 * E79
E80: =IFERROR(__xludf.DUMMYFUNCTION("IFERROR( VLOOKUP( C80, FILTER(Vendors_Pricing!A:E, Vendors_Pricing!H:H=""Yes""), 5, FALSE ), """" ) "),"") | F80: =D80 * E80
E81: =IFERROR(__xludf.DUMMYFUNCTION("IFERROR( VLOOKUP( C81, FILTER(Vendors_Pricing!A:E, Vendors_Pricing!H:H=""Yes""), 5, FALSE ), """" ) "),"") | F81: =D81 * E81
E82: =IFERROR(__xludf.DUMMYFUNCTION("IFERROR( VLOOKUP( C82, FILTER(Vendors_Pricing!A:E, Vendors_Pricing!H:H=""Yes""), 5, FALSE ), """" ) "),"") | F82: =D82 * E82
E83: =IFERROR(__xludf.DUMMYFUNCTION("IFERROR( VLOOKUP( C83, FILTER(Vendors_Pricing!A:E, Vendors_Pricing!H:H=""Yes""), 5, FALSE ), """" ) "),"") | F83: =D83 * E83
E84: =IFERROR(__xludf.DUMMYFUNCTION("IFERROR( VLOOKUP( C84, FILTER(Vendors_Pricing!A:E, Vendors_Pricing!H:H=""Yes""), 5, FALSE ), """" ) "),"") | F84: =D84 * E84
E85: =IFERROR(__xludf.DUMMYFUNCTION("IFERROR( VLOOKUP( C85, FILTER(Vendors_Pricing!A:E, Vendors_Pricing!H:H=""Yes""), 5, FALSE ), """" ) "),"") | F85: =D85 * E85
E86: =IFERROR(__xludf.DUMMYFUNCTION("IFERROR( VLOOKUP( C86, FILTER(Vendors_Pricing!A:E, Vendors_Pricing!H:H=""Yes""), 5, FALSE ), """" ) "),"") | F86: =D86 * E86
E87: =IFERROR(__xludf.DUMMYFUNCTION("IFERROR( VLOOKUP( C87, FILTER(Vendors_Pricing!A:E, Vendors_Pricing!H:H=""Yes""), 5, FALSE ), """" ) "),"") | F87: =D87 * E87
E88: =IFERROR(__xludf.DUMMYFUNCTION("IFERROR( VLOOKUP( C88, FILTER(Vendors_Pricing!A:E, Vendors_Pricing!H:H=""Yes""), 5, FALSE ), """" ) "),"") | F88: =D88 * E88
E89: =IFERROR(__xludf.DUMMYFUNCTION("IFERROR( VLOOKUP( C89, FILTER(Vendors_Pricing!A:E, Vendors_Pricing!H:H=""Yes""), 5, FALSE ), """" ) "),"") | F89: =D89 * E89
E90: =IFERROR(__xludf.DUMMYFUNCTION("IFERROR( VLOOKUP( C90, FILTER(Vendors_Pricing!A:E, Vendors_Pricing!H:H=""Yes""), 5, FALSE ), """" ) "),"") | F90: =D90 * E90
E91: =IFERROR(__xludf.DUMMYFUNCTION("IFERROR( VLOOKUP( C91, FILTER(Vendors_Pricing!A:E, Vendors_Pricing!H:H=""Yes""), 5, FALSE ), """" ) "),"") | F91: =D91 * E91
E92: =IFERROR(__xludf.DUMMYFUNCTION("IFERROR( VLOOKUP( C92, FILTER(Vendors_Pricing!A:E, Vendors_Pricing!H:H=""Yes""), 5, FALSE ), """" ) "),"") | F92: =D92 * E92
E93: =IFERROR(__xludf.DUMMYFUNCTION("IFERROR( VLOOKUP( C93, FILTER(Vendors_Pricing!A:E, Vendors_Pricing!H:H=""Yes""), 5, FALSE ), """" ) "),"") | F93: =D93 * E93
E94: =IFERROR(__xludf.DUMMYFUNCTION("IFERROR( VLOOKUP( C94, FILTER(Vendors_Pricing!A:E, Vendors_Pricing!H:H=""Yes""), 5, FALSE ), """" ) "),"") | F94: =D94 * E94
E95: =IFERROR(__xludf.DUMMYFUNCTION("IFERROR( VLOOKUP( C95, FILTER(Vendors_Pricing!A:E, Vendors_Pricing!H:H=""Yes""), 5, FALSE ), """" ) "),"") | F95: =D95 * E95
E96: =IFERROR(__xludf.DUMMYFUNCTION("IFERROR( VLOOKUP( C96, FILTER(Vendors_Pricing!A:E, Vendors_Pricing!H:H=""Yes""), 5, FALSE ), """" ) "),"") | F96: =D96 * E96
E97: =IFERROR(__xludf.DUMMYFUNCTION("IFERROR( VLOOKUP( C97, FILTER(Vendors_Pricing!A:E, Vendors_Pricing!H:H=""Yes""), 5, FALSE ), """" ) "),"") | F97: =D97 * E97
E98: =IFERROR(__xludf.DUMMYFUNCTION("IFERROR( VLOOKUP( C98, FILTER(Vendors_Pricing!A:E, Vendors_Pricing!H:H=""Yes""), 5, FALSE ), """" ) "),"") | F98: =D98 * E98
E99: =IFERROR(__xludf.DUMMYFUNCTION("IFERROR( VLOOKUP( C99, FILTER(Vendors_Pricing!A:E, Vendors_Pricing!H:H=""Yes""), 5, FALSE ), """" ) "),"") | F99: =D99 * E99
E100: =IFERROR(__xludf.DUMMYFUNCTION("IFERROR( VLOOKUP( C100, FILTER(Vendors_Pricing!A:E, Vendors_Pricing!H:H=""Yes""), 5, FALSE ), """" ) "),"") | F100: =D100 * E100
...

Sheet Vendors
A1: Vendor Name
A2: Specs
A3: Total Wine
A4: Restaurant Depot
A5: Costco
A6: HEB
A7: Twin Liquors
